<?xml version="1.0" encoding="UTF-8" ?>
<XMLDB PATH="mod/setask/feedback/comments/db" VERSION="20120423" COMMENT="XMLDB file for Moodle mod/setask/feedback/comments"
    xmlns:xsi="http://www.w3.org/2001/XMLSchema-instance"
    xsi:noNamespaceSchemaLocation="../../../../../lib/xmldb/xmldb.xsd"
>
  <TABLES>
    <TABLE NAME="setaskfeedback_comments" COMMENT="Text feedback for submitted setaskments">
      <FIELDS>
        <FIELD NAME="id" TYPE="int" LENGTH="10" NOTNULL="true" SEQUENCE="true"/>
        <FIELD NAME="setaskment" TYPE="int" LENGTH="10" NOTNULL="true" DEFAULT="0" SEQUENCE="false"/>
        <FIELD NAME="grade" TYPE="int" LENGTH="10" NOTNULL="true" DEFAULT="0" SEQUENCE="false"/>
        <FIELD NAME="commenttext" TYPE="text" NOTNULL="false" SEQUENCE="false" COMMENT="The feedback text"/>
        <FIELD NAME="commentformat" TYPE="int" LENGTH="4" NOTNULL="true" DEFAULT="0" SEQUENCE="false" COMMENT="The feedback text format"/>
      </FIELDS>
      <KEYS>
        <KEY NAME="primary" TYPE="primary" FIELDS="id" COMMENT="The unique id for this feedback"/>
        <KEY NAME="setaskment" TYPE="foreign" FIELDS="setaskment" REFTABLE="setask" REFFIELDS="id" COMMENT="The setaskment instance this feedback relates to."/>
        <KEY NAME="grade" TYPE="foreign" FIELDS="grade" REFTABLE="setask_grades" REFFIELDS="id" COMMENT="The grade instance this feedback relates to."/>
      </KEYS>
    </TABLE>
  </TABLES>
</XMLDB>
