<?xml version="1.0" encoding="UTF-8" ?>
<XMLDB PATH="mod/setask/db" VERSION="20140724" COMMENT="XMLDB file for Moodle mod/setask"
    xmlns:xsi="http://www.w3.org/2001/XMLSchema-instance"
    xsi:noNamespaceSchemaLocation="../../../lib/xmldb/xmldb.xsd"
>
  <TABLES><TABLE NAME="setask_compilers" COMMENT="This table keeps information about about sphere engine compilers.">
      <FIELDS>
        <FIELD NAME="id" TYPE="int" LENGTH="10" NOTNULL="true" SEQUENCE="true"/>
        <FIELD NAME="short_name" TYPE="char" LENGTH="100" NOTNULL="true" DEFAULT="0" SEQUENCE="false"/>
        <FIELD NAME="ver" TYPE="char" LENGTH="100" NOTNULL="true" DEFAULT="0" SEQUENCE="false"/>
        <FIELD NAME="name" TYPE="char" LENGTH="100" NOTNULL="true" DEFAULT="0" SEQUENCE="false" />
        <FIELD NAME="ace" TYPE="char" LENGTH="100" NOTNULL="false" DEFAULT="0" SEQUENCE="false" COMMENT="The last time this setaskment submission was modified by a student."/>
        <FIELD NAME="geshi" TYPE="char" LENGTH="100" NOTNULL="false" SEQUENCE="false"/>
        <FIELD NAME="compiler_id" TYPE="int" LENGTH="10" NOTNULL="true" DEFAULT="0" SEQUENCE="false" COMMENT="Sphere engine compiler ID"/>
      </FIELDS>
      <KEYS>
        <KEY NAME="primary" TYPE="primary" FIELDS="id" COMMENT="The unique id for this setaskment submission."/>
      </KEYS>
    </TABLE>
<TABLE NAME="setask_problems" COMMENT="This table keeps information about about sphere engine problems.">
      <FIELDS>
        <FIELD NAME="id" TYPE="int" LENGTH="10" NOTNULL="true" SEQUENCE="true"/>
        <FIELD NAME="code" TYPE="char" LENGTH="100" NOTNULL="true" DEFAULT="0" SEQUENCE="false"/>
        <FIELD NAME="name" TYPE="char" LENGTH="100" NOTNULL="true" DEFAULT="0" SEQUENCE="false"/>
        <FIELD NAME="url" TYPE="char" LENGTH="100" NOTNULL="true" DEFAULT="0" SEQUENCE="false" />
      </FIELDS>
      <KEYS>
        <KEY NAME="primary" TYPE="primary" FIELDS="id" COMMENT="The unique id for this setaskment problem."/>
      </KEYS>
    </TABLE>
    <TABLE NAME="setask_prob_comp" COMMENT="This table keeps information about sphere engine problem-compiler mapping.">
      <FIELDS>
        <FIELD NAME="id" TYPE="int" LENGTH="10" NOTNULL="true" SEQUENCE="true"/>
        <FIELD NAME="problem_id" TYPE="int" LENGTH="10" NOTNULL="true" DEFAULT="0" SEQUENCE="false"/>
        <FIELD NAME="compiler_id" TYPE="int" LENGTH="10" NOTNULL="true" DEFAULT="0" SEQUENCE="false"/>
      </FIELDS>
      <KEYS>
        <KEY NAME="primary" TYPE="primary" FIELDS="id" COMMENT="The unique id for this setaskment mapping."/>
        <KEY NAME="problem_id" TYPE="foreign" FIELDS="problem_id" REFTABLE="setask_problems" REFFIELDS="id" COMMENT="The problem it maps to."/>
        <KEY NAME="compiler_id" TYPE="foreign" FIELDS="compiler_id" REFTABLE="setask_compilers" REFFIELDS="id" COMMENT="The compiler it maps to."/>
      </KEYS>
      <INDEXES>
        <INDEX NAME="problem_id" UNIQUE="false" FIELDS="problem_id"/>
        <INDEX NAME="compiler_id" UNIQUE="false" FIELDS="compiler_id"/>
      </INDEXES>
    </TABLE>
<TABLE NAME="setask_judges" COMMENT="This table keeps information about about sphere engine problems.">
      <FIELDS>
        <FIELD NAME="id" TYPE="int" LENGTH="10" NOTNULL="true" SEQUENCE="true"/>
        <FIELD NAME="url" TYPE="char" LENGTH="100" NOTNULL="true" DEFAULT="" SEQUENCE="false"/>
        <FIELD NAME="type" TYPE="char" LENGTH="100" NOTNULL="true" DEFAULT="" SEQUENCE="false"/>
        <FIELD NAME="judge_id" TYPE="int" LENGTH="10" NOTNULL="true" DEFAULT="0" SEQUENCE="false" />
        <FIELD NAME="name" TYPE="char" LENGTH="100" NOTNULL="true" DEFAULT="0" SEQUENCE="false" />
      </FIELDS>
      <KEYS>
        <KEY NAME="primary" TYPE="primary" FIELDS="id" COMMENT="The unique id for this setaskment judge."/>
      </KEYS>
    </TABLE>
<TABLE NAME="setask_testcases" COMMENT="This table keeps information about about sphere engine testcases.">
      <FIELDS>
        <FIELD NAME="id" TYPE="int" LENGTH="10" NOTNULL="true" SEQUENCE="true"/>
        <FIELD NAME="status" TYPE="char" LENGTH="100" NOTNULL="true" DEFAULT="0" SEQUENCE="false"/>
        <FIELD NAME="sgnal" TYPE="int" LENGTH="10" NOTNULL="true" DEFAULT="0" SEQUENCE="false"/>
        <FIELD NAME="time" TYPE="char" LENGTH="100" NOTNULL="true" DEFAULT="0" SEQUENCE="false" />
        <FIELD NAME="number" TYPE="int" LENGTH="10" NOTNULL="true" DEFAULT="0" SEQUENCE="false"  />
        <FIELD NAME="score" TYPE="char" LENGTH="100" NOTNULL="true" DEFAULT="0" SEQUENCE="false" />
        <FIELD NAME="memory" TYPE="int" LENGTH="10" NOTNULL="true" DEFAULT="0" SEQUENCE="false"  COMMENT="Consumed memory."/>
      </FIELDS>
      <KEYS>
        <KEY NAME="primary" TYPE="primary" FIELDS="id" COMMENT="The unique id for this setaskment judge."/>
      </KEYS>
    </TABLE>
<TABLE NAME="setask_runtime_info" COMMENT="This table keeps information about about sphere engine submission runtime info.">
      <FIELDS>
        <FIELD NAME="id" TYPE="int" LENGTH="10" NOTNULL="true" SEQUENCE="true"/>
        <FIELD NAME="stdout" TYPE="char" LENGTH="1000" NOTNULL="true" DEFAULT="" SEQUENCE="false" COMMENT="stdout data, truncated to 1000 characters; please note that this field should serve debugging purposes only, it shouldn't be used to assess submission correctness (use proper judges and the result.status field for that) "/>
        <FIELD NAME="psinfo" TYPE="char" LENGTH="200" NOTNULL="true" DEFAULT="" SEQUENCE="false" COMMENT="psinfo data "/>
        <FIELD NAME="stderr" TYPE="char" LENGTH="1000" NOTNULL="true" DEFAULT="" SEQUENCE="false" COMMENT="stderr data, truncated to 1000 characters "/>
        <FIELD NAME="cmperr" TYPE="char" LENGTH="200" NOTNULL="true" DEFAULT="" SEQUENCE="false" COMMENT=" cmperr data "/>
      </FIELDS>
      <KEYS>
        <KEY NAME="primary" TYPE="primary" FIELDS="id" COMMENT="The unique id for this setaskment submission run_time info."/>
      </KEYS>
    </TABLE>
<TABLE NAME="setask_sub_result" COMMENT="This table keeps information about about sphere engine submission result.">
      <FIELDS>
        <FIELD NAME="id" TYPE="int" LENGTH="10" NOTNULL="true" SEQUENCE="true"/>
        <FIELD NAME="status" TYPE="char" LENGTH="100" NOTNULL="true" DEFAULT="0" SEQUENCE="false"/>
        <FIELD NAME="sgnal" TYPE="int" LENGTH="10" NOTNULL="true" DEFAULT="0" SEQUENCE="false"/>
        <FIELD NAME="time" TYPE="char" LENGTH="100" NOTNULL="true" DEFAULT="0" SEQUENCE="false" />
        <FIELD NAME="runtime_info" TYPE="int" LENGTH="10" NOTNULL="true" DEFAULT="0" SEQUENCE="false" />
        <FIELD NAME="testcases" TYPE="int" LENGTH="10" NOTNULL="true" DEFAULT="0" SEQUENCE="false" />
        <FIELD NAME="score" TYPE="char" LENGTH="100" NOTNULL="true" DEFAULT="0" SEQUENCE="false" />
        <FIELD NAME="memory" TYPE="int" LENGTH="10" NOTNULL="true" DEFAULT="0" SEQUENCE="false" />
      </FIELDS>
      <KEYS>
        <KEY NAME="primary" TYPE="primary" FIELDS="id" COMMENT="The unique id for this setaskment judge."/>
        <KEY NAME="runtime_info" TYPE="foreign" FIELDS="runtime_info" REFTABLE="setask_runtime_info" REFFIELDS="id" COMMENT="Submission's runtime info."/>
        <KEY NAME="testcases" TYPE="foreign" FIELDS="testcases" REFTABLE="setask_testcases" REFFIELDS="id" COMMENT="Submission's testcase info"/>
      </KEYS>
    </TABLE>
<TABLE NAME="setask_sub_data" COMMENT="This table keeps information about about sphere engine submission.">
      <FIELDS>
        <FIELD NAME="id" TYPE="int" LENGTH="10" NOTNULL="true" SEQUENCE="true"/>
        <FIELD NAME="source" TYPE="text" LENGTH="200000" NOTNULL="true" DEFAULT="" SEQUENCE="false"/>
        <FIELD NAME="result" TYPE="int" LENGTH="10" NOTNULL="true" DEFAULT="0" SEQUENCE="false"/>
        <FIELD NAME="date" TYPE="char" LENGTH="100" NOTNULL="true" DEFAULT="0" SEQUENCE="false" />
        <FIELD NAME="problem" TYPE="int" LENGTH="10" NOTNULL="true" DEFAULT="0" SEQUENCE="false" />
        <FIELD NAME="sub_id" TYPE="int" LENGTH="10" NOTNULL="true" DEFAULT="0" SEQUENCE="false" />
        <FIELD NAME="compiler" TYPE="int" LENGTH="10" NOTNULL="true" DEFAULT="0" SEQUENCE="false" />
      </FIELDS>
      <KEYS>
        <KEY NAME="primary" TYPE="primary" FIELDS="id" COMMENT="The unique id for this setaskment submission data"/>
        <KEY NAME="problem" TYPE="foreign" FIELDS="problem" REFTABLE="setask_problems" REFFIELDS="id" COMMENT="Problem"/>
        <KEY NAME="compiler" TYPE="foreign" FIELDS="compiler" REFTABLE="setask_compilers" REFFIELDS="id" COMMENT="Compiler used in this submission"/>
        <KEY NAME="result" TYPE="foreign" FIELDS="result" REFTABLE="setask_sub_result" REFFIELDS="id" COMMENT="Result of the submission"/>
      </KEYS>
    </TABLE>
<TABLE NAME="setask_sub_user" COMMENT="This table keeps information about sphere engine submission data - user mapping.">
      <FIELDS>
        <FIELD NAME="id" TYPE="int" LENGTH="10" NOTNULL="true" SEQUENCE="true"/>
        <FIELD NAME="user_id" TYPE="int" LENGTH="10" NOTNULL="true" DEFAULT="0" SEQUENCE="false"/>
        <FIELD NAME="sub_data" TYPE="int" LENGTH="10" NOTNULL="true" DEFAULT="0" SEQUENCE="false"/>
        <FIELD NAME="token" TYPE="char" LENGTH="100" NOTNULL="true" DEFAULT="0" SEQUENCE="false"/>
      </FIELDS>
      <KEYS>
        <KEY NAME="primary" TYPE="primary" FIELDS="id" COMMENT="The unique id for this setaskment mapping."/>
        <KEY NAME="sub_data" TYPE="foreign" FIELDS="sub_data" REFTABLE="setask_sub_data" REFFIELDS="id" COMMENT=""/>
      </KEYS>
      <INDEXES>
        <INDEX NAME="user_id" UNIQUE="false" FIELDS="user_id"/>
        <INDEX NAME="sub_data" UNIQUE="false" FIELDS="sub_data"/>
      </INDEXES>
    </TABLE>
<TABLE NAME="setask_prob_setask" COMMENT="This table keeps information about sphere engine problem - setask mapping.">
      <FIELDS>
        <FIELD NAME="id" TYPE="int" LENGTH="10" NOTNULL="true" SEQUENCE="true"/>
        <FIELD NAME="prob_id" TYPE="int" LENGTH="10" NOTNULL="true" DEFAULT="0" SEQUENCE="false"/>
        <FIELD NAME="setask_id" TYPE="int" LENGTH="10" NOTNULL="true" DEFAULT="0" SEQUENCE="false"/>
      </FIELDS>
      <KEYS>
        <KEY NAME="primary" TYPE="primary" FIELDS="id" COMMENT="The unique id for this setaskment mapping."/>
        <KEY NAME="prob_id" TYPE="foreign" FIELDS="prob_id" REFTABLE="setask_problems" REFFIELDS="id" COMMENT=""/>
        <KEY NAME="setask_id" TYPE="foreign" FIELDS="setask_id" REFTABLE="setask" REFFIELDS="id" COMMENT=""/>
      </KEYS>
      <INDEXES>
        <INDEX NAME="prob_id" UNIQUE="false" FIELDS="prob_id"/>
        <INDEX NAME="setask_id" UNIQUE="false" FIELDS="setask_id"/>
      </INDEXES>
    </TABLE>
<TABLE NAME="setask_prob_desc" COMMENT="This table keeps detailed information (incl. description) about sphere engine problem.">
      <FIELDS>
        <FIELD NAME="id" TYPE="int" LENGTH="10" NOTNULL="true" SEQUENCE="true"/>
        <FIELD NAME="prob_id" TYPE="int" LENGTH="10" NOTNULL="true" DEFAULT="0" SEQUENCE="false"/>
        <FIELD NAME="testcases_id" TYPE="int" LENGTH="10" NOTNULL="false" DEFAULT="0" SEQUENCE="false"/>
        <FIELD NAME="type" TYPE="char" LENGTH="100" NOTNULL="true" DEFAULT="0" SEQUENCE="false"/>
        <FIELD NAME="desc" TYPE="text" LENGTH="8000" NOTNULL="true" DEFAULT="0" SEQUENCE="false"/>
      </FIELDS>		
      <KEYS>
        <KEY NAME="primary" TYPE="primary" FIELDS="id" COMMENT="The unique id for this setaskment mapping."/>
        <KEY NAME="prob_id" TYPE="foreign" FIELDS="prob_id" REFTABLE="setask_problems" REFFIELDS="id" COMMENT=""/>
        <KEY NAME="testcases_id" TYPE="foreign" FIELDS="testcases_id" REFTABLE="setask_testcases" REFFIELDS="id" COMMENT=""/>
      </KEYS>
      <INDEXES>
        <INDEX NAME="prob_id" UNIQUE="false" FIELDS="prob_id"/>
        <INDEX NAME="testcases_id" UNIQUE="false" FIELDS="testcases_id"/>
      </INDEXES>
    </TABLE>

    <TABLE NAME="setask" COMMENT="This table saves information about an instance of mod_setask in a course.">
      <FIELDS>
        <FIELD NAME="id" TYPE="int" LENGTH="10" NOTNULL="true" SEQUENCE="true"/>
        <FIELD NAME="course" TYPE="int" LENGTH="10" NOTNULL="true" DEFAULT="0" SEQUENCE="false"/>
        <FIELD NAME="name" TYPE="char" LENGTH="255" NOTNULL="true" SEQUENCE="false" COMMENT="The name of the instance of the setaskment. Displayed at the top of each page."/>
        <FIELD NAME="intro" TYPE="text" NOTNULL="true" SEQUENCE="false" COMMENT="The description of the setaskment. This field is used by feature MOD_INTRO."/>
        <FIELD NAME="introformat" TYPE="int" LENGTH="4" NOTNULL="true" DEFAULT="0" SEQUENCE="false" COMMENT="The format of the description field of the setaskment. This field is used by feature MOD_INTRO."/>
        <FIELD NAME="alwaysshowdescription" TYPE="int" LENGTH="2" NOTNULL="true" DEFAULT="0" SEQUENCE="false" COMMENT="If false the setaskment intro will only be displayed after the allowsubmissionsfrom date. If true it will always be displayed."/>
        <FIELD NAME="nosubmissions" TYPE="int" LENGTH="2" NOTNULL="true" DEFAULT="0" SEQUENCE="false" COMMENT="This field is a cache for is_any_submission_plugin_enabled() which allows Moodle pages to distinguish offline setaskment types without loading the setaskment class."/>
        <FIELD NAME="submissiondrafts" TYPE="int" LENGTH="2" NOTNULL="true" DEFAULT="0" SEQUENCE="false" COMMENT="If true, setaskment submissions will be considered drafts until the student clicks on the submit setaskmnet button."/>
        <FIELD NAME="sendnotifications" TYPE="int" LENGTH="2" NOTNULL="true" DEFAULT="0" SEQUENCE="false" COMMENT="Allows the disabling of email notifications in the setask module."/>
        <FIELD NAME="sendlatenotifications" TYPE="int" LENGTH="2" NOTNULL="true" DEFAULT="0" SEQUENCE="false" COMMENT="Allows separate enabling of notifications for late setaskment submissions."/>
        <FIELD NAME="duedate" TYPE="int" LENGTH="10" NOTNULL="true" DEFAULT="0" SEQUENCE="false" COMMENT="The due date for the setaskment. Displayed to students."/>
        <FIELD NAME="allowsubmissionsfromdate" TYPE="int" LENGTH="10" NOTNULL="true" DEFAULT="0" SEQUENCE="false" COMMENT="If set, submissions will only be accepted after this date."/>
        <FIELD NAME="grade" TYPE="int" LENGTH="10" NOTNULL="true" DEFAULT="0" SEQUENCE="false" COMMENT="The maximum grade for this setaskment. Can be negative to indicate the use of a scale."/>
        <FIELD NAME="timemodified" TYPE="int" LENGTH="10" NOTNULL="true" DEFAULT="0" SEQUENCE="false" COMMENT="The time the settings for this setask module instance were last modified."/>
        <FIELD NAME="requiresubmissionstatement" TYPE="int" LENGTH="2" NOTNULL="true" DEFAULT="0" SEQUENCE="false" COMMENT="Forces the student to accept a submission statement when submitting an setaskment"/>
        <FIELD NAME="completionsubmit" TYPE="int" LENGTH="2" NOTNULL="true" DEFAULT="0" SEQUENCE="false" COMMENT="If this field is set to 1, then the activity will be automatically marked as 'complete' once the user submits their setaskment."/>
        <FIELD NAME="cutoffdate" TYPE="int" LENGTH="10" NOTNULL="true" DEFAULT="0" SEQUENCE="false" COMMENT="The final date after which submissions will no longer be accepted for this setaskment without an extensions."/>
        <FIELD NAME="teamsubmission" TYPE="int" LENGTH="2" NOTNULL="true" DEFAULT="0" SEQUENCE="false" COMMENT="Do students submit in teams?"/>
        <FIELD NAME="requireallteammemberssubmit" TYPE="int" LENGTH="2" NOTNULL="true" DEFAULT="0" SEQUENCE="false" COMMENT="If enabled, a submission will not be accepted until all team members have submitted it."/>
        <FIELD NAME="teamsubmissiongroupingid" TYPE="int" LENGTH="10" NOTNULL="true" DEFAULT="0" SEQUENCE="false" COMMENT="A grouping id to get groups for team submissions"/>
        <FIELD NAME="blindmarking" TYPE="int" LENGTH="2" NOTNULL="true" DEFAULT="0" SEQUENCE="false" COMMENT="Hide student/grader identities until the reveal identities action is performed"/>
        <FIELD NAME="revealidentities" TYPE="int" LENGTH="2" NOTNULL="true" DEFAULT="0" SEQUENCE="false" COMMENT="Show identities for a blind marking setaskment"/>
        <FIELD NAME="attemptreopenmethod" TYPE="char" LENGTH="10" NOTNULL="true" DEFAULT="none" SEQUENCE="false" COMMENT="How to determine when students are allowed to open a new submission. Valid options are none, manual, untilpass"/>
        <FIELD NAME="maxattempts" TYPE="int" LENGTH="6" NOTNULL="true" DEFAULT="-1" SEQUENCE="false" COMMENT="What is the maximum number of student attempts allowed for this setaskment? -1 means unlimited."/>
        <FIELD NAME="markingworkflow" TYPE="int" LENGTH="2" NOTNULL="true" DEFAULT="0" SEQUENCE="false" COMMENT="If enabled, marking workflow features will be used in this setaskment."/>
        <FIELD NAME="markingallocation" TYPE="int" LENGTH="2" NOTNULL="true" DEFAULT="0" SEQUENCE="false" COMMENT="If enabled, marking allocation features will be used in this setaskment"/>
        <FIELD NAME="sendstudentnotifications" TYPE="int" LENGTH="2" NOTNULL="true" DEFAULT="1" SEQUENCE="false" COMMENT="Default for send student notifications checkbox when grading."/>
        <FIELD NAME="preventsubmissionnotingroup" TYPE="int" LENGTH="2" NOTNULL="true" DEFAULT="0" SEQUENCE="false" COMMENT="If enabled a user will be unable to make a submission unless they are a member of a group."/>
      </FIELDS>
      <KEYS>
        <KEY NAME="primary" TYPE="primary" FIELDS="id" COMMENT="The unique id for this setaskment instance."/>
      </KEYS>
      <INDEXES>
        <INDEX NAME="course" UNIQUE="false" FIELDS="course" COMMENT="The course this setaskment instance belongs to."/>
        <INDEX NAME="teamsubmissiongroupingid" UNIQUE="false" FIELDS="teamsubmissiongroupingid" COMMENT="The grouping id for team submissions"/>
      </INDEXES>
    </TABLE>
    <TABLE NAME="setask_submission" COMMENT="This table keeps information about student interactions with the mod/setask. This is limited to metadata about a student submission but does not include the submission itself which is stored by plugins.">
      <FIELDS>
        <FIELD NAME="id" TYPE="int" LENGTH="10" NOTNULL="true" SEQUENCE="true"/>
        <FIELD NAME="setaskment" TYPE="int" LENGTH="10" NOTNULL="true" DEFAULT="0" SEQUENCE="false"/>
        <FIELD NAME="userid" TYPE="int" LENGTH="10" NOTNULL="true" DEFAULT="0" SEQUENCE="false"/>
        <FIELD NAME="timecreated" TYPE="int" LENGTH="10" NOTNULL="true" DEFAULT="0" SEQUENCE="false" COMMENT="The time of the first student submission to this setaskment."/>
        <FIELD NAME="timemodified" TYPE="int" LENGTH="10" NOTNULL="true" DEFAULT="0" SEQUENCE="false" COMMENT="The last time this setaskment submission was modified by a student."/>
        <FIELD NAME="status" TYPE="char" LENGTH="10" NOTNULL="false" SEQUENCE="false" COMMENT="The status of this setaskment submission. The current statuses are DRAFT and SUBMITTED."/>
        <FIELD NAME="groupid" TYPE="int" LENGTH="10" NOTNULL="true" DEFAULT="0" SEQUENCE="false" COMMENT="The group id for team submissions"/>
        <FIELD NAME="attemptnumber" TYPE="int" LENGTH="10" NOTNULL="true" DEFAULT="0" SEQUENCE="false" COMMENT="Used to track attempts for an setaskment"/>
        <FIELD NAME="latest" TYPE="int" LENGTH="2" NOTNULL="true" DEFAULT="0" SEQUENCE="false" COMMENT="Greatly simplifies queries wanting to know information about only the latest attempt."/>
      </FIELDS>
      <KEYS>
        <KEY NAME="primary" TYPE="primary" FIELDS="id" COMMENT="The unique id for this setaskment submission."/>
        <KEY NAME="setaskment" TYPE="foreign" FIELDS="setaskment" REFTABLE="setask" REFFIELDS="id" COMMENT="The instance of mod_setask this submission belongs to."/>
      </KEYS>
      <INDEXES>
        <INDEX NAME="userid" UNIQUE="false" FIELDS="userid"/>
        <INDEX NAME="attemptnumber" UNIQUE="false" FIELDS="attemptnumber"/>
        <INDEX NAME="uniqueattemptsubmission" UNIQUE="true" FIELDS="setaskment, userid, groupid, attemptnumber"/>
        <INDEX NAME="latestattempt" UNIQUE="false" FIELDS="setaskment, userid, groupid, latest" COMMENT="Speed up queries for the latest attempt."/>
      </INDEXES>
    </TABLE>
    <TABLE NAME="setask_grades" COMMENT="Grading information about a single setaskment submission.">
      <FIELDS>
        <FIELD NAME="id" TYPE="int" LENGTH="10" NOTNULL="true" SEQUENCE="true"/>
        <FIELD NAME="setaskment" TYPE="int" LENGTH="10" NOTNULL="true" DEFAULT="0" SEQUENCE="false"/>
        <FIELD NAME="userid" TYPE="int" LENGTH="10" NOTNULL="true" DEFAULT="0" SEQUENCE="false"/>
        <FIELD NAME="timecreated" TYPE="int" LENGTH="10" NOTNULL="true" DEFAULT="0" SEQUENCE="false" COMMENT="The time the setaskment submission was first modified by a grader."/>
        <FIELD NAME="timemodified" TYPE="int" LENGTH="10" NOTNULL="true" DEFAULT="0" SEQUENCE="false" COMMENT="The most recent modification time for the setaskment submission by a grader."/>
        <FIELD NAME="grader" TYPE="int" LENGTH="10" NOTNULL="true" DEFAULT="0" SEQUENCE="false"/>
        <FIELD NAME="grade" TYPE="number" LENGTH="10" NOTNULL="false" DEFAULT="0" SEQUENCE="false" DECIMALS="5" COMMENT="The numerical grade for this setaskment submission. Can be determined by scales/advancedgradingforms etc but will always be converted back to a floating point number."/>
        <FIELD NAME="attemptnumber" TYPE="int" LENGTH="10" NOTNULL="true" DEFAULT="0" SEQUENCE="false" COMMENT="The attempt number that this grade relates to"/>
      </FIELDS>
      <KEYS>
        <KEY NAME="primary" TYPE="primary" FIELDS="id" COMMENT="The unique id for this grade."/>
        <KEY NAME="setaskment" TYPE="foreign" FIELDS="setaskment" REFTABLE="setask" REFFIELDS="id" COMMENT="The setaskment instance this grade belongs to."/>
      </KEYS>
      <INDEXES>
        <INDEX NAME="userid" UNIQUE="false" FIELDS="userid" COMMENT="The userid for the submission relating to this grade."/>
        <INDEX NAME="attemptnumber" UNIQUE="false" FIELDS="attemptnumber"/>
        <INDEX NAME="uniqueattemptgrade" UNIQUE="true" FIELDS="setaskment, userid, attemptnumber" COMMENT="This is a grade for a unique attempt."/>
      </INDEXES>
    </TABLE>
    <TABLE NAME="setask_plugin_config" COMMENT="Config data for an instance of a plugin in an setaskment.">
      <FIELDS>
        <FIELD NAME="id" TYPE="int" LENGTH="10" NOTNULL="true" SEQUENCE="true"/>
        <FIELD NAME="setaskment" TYPE="int" LENGTH="10" NOTNULL="true" DEFAULT="0" SEQUENCE="false"/>
        <FIELD NAME="plugin" TYPE="char" LENGTH="28" NOTNULL="true" SEQUENCE="false"/>
        <FIELD NAME="subtype" TYPE="char" LENGTH="28" NOTNULL="true" SEQUENCE="false"/>
        <FIELD NAME="name" TYPE="char" LENGTH="28" NOTNULL="true" SEQUENCE="false"/>
        <FIELD NAME="value" TYPE="text" NOTNULL="false" SEQUENCE="false" COMMENT="The value of the config setting. Stored as text but can be interpreted by the plugin however it likes."/>
      </FIELDS>
      <KEYS>
        <KEY NAME="primary" TYPE="primary" FIELDS="id" COMMENT="Unique id to identify this plugin setting value."/>
        <KEY NAME="setaskment" TYPE="foreign" FIELDS="setaskment" REFTABLE="setask" REFFIELDS="id" COMMENT="The setaskment instance this config value relates to."/>
      </KEYS>
      <INDEXES>
        <INDEX NAME="plugin" UNIQUE="false" FIELDS="plugin" COMMENT="The type of this plugin."/>
        <INDEX NAME="subtype" UNIQUE="false" FIELDS="subtype" COMMENT="The subtype of this plugin (setask_submission or setask_feedback)."/>
        <INDEX NAME="name" UNIQUE="false" FIELDS="name" COMMENT="The name of this plugin setting."/>
      </INDEXES>
    </TABLE>
    <TABLE NAME="setask_user_mapping" COMMENT="Map an setaskment specific id number to a user">
      <FIELDS>
        <FIELD NAME="id" TYPE="int" LENGTH="10" NOTNULL="true" SEQUENCE="true"/>
        <FIELD NAME="setaskment" TYPE="int" LENGTH="10" NOTNULL="true" DEFAULT="0" SEQUENCE="false"/>
        <FIELD NAME="userid" TYPE="int" LENGTH="10" NOTNULL="true" DEFAULT="0" SEQUENCE="false"/>
      </FIELDS>
      <KEYS>
        <KEY NAME="primary" TYPE="primary" FIELDS="id" COMMENT="Unique ID for this user/setaskment combination."/>
        <KEY NAME="setaskment" TYPE="foreign" FIELDS="setaskment" REFTABLE="setask" REFFIELDS="id" COMMENT="The setaskment instance"/>
        <KEY NAME="user" TYPE="foreign" FIELDS="userid" REFTABLE="user" REFFIELDS="id" COMMENT="The user to map to an id"/>
      </KEYS>
    </TABLE>
    <TABLE NAME="setask_user_flags" COMMENT="List of flags that can be set for a single user in a single setaskment.">
      <FIELDS>
        <FIELD NAME="id" TYPE="int" LENGTH="10" NOTNULL="true" SEQUENCE="true"/>
        <FIELD NAME="userid" TYPE="int" LENGTH="10" NOTNULL="true" DEFAULT="0" SEQUENCE="false" COMMENT="The id of the user these flags apply to."/>
        <FIELD NAME="setaskment" TYPE="int" LENGTH="10" NOTNULL="true" DEFAULT="0" SEQUENCE="false" COMMENT="The setaskment these flags apply to."/>
        <FIELD NAME="locked" TYPE="int" LENGTH="10" NOTNULL="true" DEFAULT="0" SEQUENCE="false" COMMENT="Student cannot make any changes to their submission if this flag is set."/>
        <FIELD NAME="mailed" TYPE="int" LENGTH="4" NOTNULL="true" DEFAULT="0" SEQUENCE="false" COMMENT="Has the student been sent a notification about this grade update?"/>
        <FIELD NAME="extensionduedate" TYPE="int" LENGTH="10" NOTNULL="true" DEFAULT="0" SEQUENCE="false" COMMENT="An extension date setasked to an individual student."/>
        <FIELD NAME="workflowstate" TYPE="char" LENGTH="100" NOTNULL="false" SEQUENCE="false" COMMENT="The current workflow state of the grade"/>
        <FIELD NAME="allocatedmarker" TYPE="int" LENGTH="10" NOTNULL="true" DEFAULT="0" SEQUENCE="false" COMMENT="The allocated marker to this submission"/>
      </FIELDS>
      <KEYS>
        <KEY NAME="primary" TYPE="primary" FIELDS="id"/>
        <KEY NAME="userid" TYPE="foreign" FIELDS="userid" REFTABLE="user" REFFIELDS="id" COMMENT="The id field of the user table."/>
        <KEY NAME="setaskment" TYPE="foreign" FIELDS="setaskment" REFTABLE="setask" REFFIELDS="id" COMMENT="The setaskment id these flags apply to."/>
      </KEYS>
      <INDEXES>
        <INDEX NAME="mailed" UNIQUE="false" FIELDS="mailed" COMMENT="Has this user been mailed yet?"/>
      </INDEXES>
    </TABLE>
  </TABLES>
</XMLDB>
