<?xml version="1.0" encoding="UTF-8" ?>
<XMLDB PATH="mod/setask/submission/file/db" VERSION="20120423" COMMENT="XMLDB file for Moodle mod/setask/submission/file"
    xmlns:xsi="http://www.w3.org/2001/XMLSchema-instance"
    xsi:noNamespaceSchemaLocation="../../../../../lib/xmldb/xmldb.xsd"
>
  <TABLES>
    <TABLE NAME="setasksubmission_file" COMMENT="Info about file submissions for setaskments">
      <FIELDS>
        <FIELD NAME="id" TYPE="int" LENGTH="10" NOTNULL="true" SEQUENCE="true"/>
        <FIELD NAME="setaskment" TYPE="int" LENGTH="10" NOTNULL="true" DEFAULT="0" SEQUENCE="false"/>
        <FIELD NAME="submission" TYPE="int" LENGTH="10" NOTNULL="true" DEFAULT="0" SEQUENCE="false"/>
        <FIELD NAME="numfiles" TYPE="int" LENGTH="10" NOTNULL="true" DEFAULT="0" SEQUENCE="false" COMMENT="The number of files the student submitted."/>
      </FIELDS>
      <KEYS>
        <KEY NAME="primary" TYPE="primary" FIELDS="id" COMMENT="The unique id for this submission info."/>
        <KEY NAME="setaskment" TYPE="foreign" FIELDS="setaskment" REFTABLE="setask" REFFIELDS="id" COMMENT="The setaskment instance this submission relates to"/>
        <KEY NAME="submission" TYPE="foreign" FIELDS="submission" REFTABLE="setask_submission" REFFIELDS="id" COMMENT="The submission this file submission relates to."/>
      </KEYS>
    </TABLE>
  </TABLES>
</XMLDB>
